order_id,customer_id,customer_name,product,quantity,unit_price,order_date,status,country
1,82,Justin Oneill,Laptop,1,1114.91,2025-11-20,pending,DE
2,18,Brittney Mann,Laptop,9,139.54,2026-03-13,,GR
3,4,Samantha Small,Laptop,4,356.66,2025-09-23,completed,
4,26,William Perry,Headset,7,338.46,2025-11-18,cancelled,GR
5,98,Daniel Baker,Mouse,7,516.97,2026-06-20,pending,DE
6,98,Eric Howard,Monitor,2,148.19,2026-02-22,completed,IT
7,45,Christopher Butler,Headset,5,1212.62,2026-07-03,,
8,16,Amanda Harvey,Keyboard,2,832.54,2026-06-03,cancelled,
9,25,Andrew White,Laptop,1,995.28,2025-09-01,cancelled,GR
10,30,Tyler Hunter,Laptop,7,424.18,2026-05-16,cancelled,DE
11,48,Kayla Nelson DDS,Monitor,4,1008.56,2025-08-30,completed,
12,82,Daniel Hardy,Mouse,9,1096.4,2025-08-09,pending,FR
13,49,Nicole Leonard,Monitor,9,337.23,2025-11-08,cancelled,GR
14,30,Scott Johnston,Laptop,6,607.74,2026-03-18,completed,DE
15,73,Dean Hoffman,Monitor,4,986.6,2026-07-07,,FR
16,19,Angela Anderson,Monitor,3,377.47,2026-04-15,cancelled,
17,55,Robert Jones,Headset,7,549.37,2026-05-21,pending,
18,64,Stacey Lee,Laptop,1,1293.04,2025-08-11,pending,DE
19,88,Jennifer Maddox,Keyboard,10,104.66,2025-12-03,,
20,60,Debra Wilson,Headset,5,1456.91,2026-06-17,completed,GR
21,88,Dr. Steven Deleon,Headset,5,1155.21,2025-11-06,cancelled,GR
22,38,Sarah Reed,Keyboard,3,686.05,2025-11-14,cancelled,
23,98,Lindsay Mahoney,Mouse,9,1369.82,2025-12-15,cancelled,
24,78,Selena Jenkins,Mouse,3,567.13,2026-02-03,pending,
25,100,Jose Zuniga,Headset,1,902.43,2025-08-11,,GR
26,15,Mrs. Brittany Sosa,Monitor,5,366.78,2026-03-04,pending,
27,11,Sarah Ramirez,Laptop,8,1225.87,2026-04-15,pending,DE
28,85,Barbara Molina,Keyboard,9,256.04,2026-07-13,,DE
29,70,Brad Burns,Mouse,5,604.5,2026-07-15,cancelled,FR
30,67,Amber Wright,Keyboard,2,379.38,2026-02-26,completed,IT
31,3,Jason Mccoy,Headset,9,352.87,2025-09-11,pending,GR
32,10,Ashley Davis,Laptop,4,110.43,2026-04-13,completed,IT
33,10,Robert Martinez,Headset,4,424.93,2026-06-27,,DE
34,70,Karen Smith,Mouse,10,868.56,2025-11-01,pending,FR
35,53,Jason Martin,Mouse,2,154.43,2026-01-10,,IT
36,55,Joseph White,Keyboard,8,1297.12,2025-12-30,completed,GR
37,8,Amy Figueroa,Keyboard,6,1202.88,2026-05-06,completed,DE
38,25,Mrs. Madison Williams,Mouse,9,678.43,2026-05-25,,DE
39,36,Brittany White,Keyboard,4,1312.98,2026-06-20,completed,FR
40,71,Michelle Lewis,Laptop,1,981.7,2025-09-19,completed,GR
41,97,Evan Sanchez,Mouse,3,615.56,2025-09-06,,DE
42,52,April Ellison,Laptop,3,574.67,2026-03-31,,IT
43,59,Anne Carlson,Monitor,7,1047.92,2025-09-27,,DE
44,25,Tracy Kane,Monitor,4,1453.38,2026-04-18,completed,IT
45,8,Sonya Duran,Laptop,10,720.41,2026-04-13,pending,GR
46,66,William Pugh,Laptop,3,112.1,2025-10-09,completed,DE
47,52,Jill Pham,Laptop,10,376.86,2025-12-14,completed,
48,11,Elizabeth Hernandez,Keyboard,10,852.19,2026-06-09,cancelled,IT
49,27,Elizabeth Travis,Monitor,4,405.77,2026-05-05,pending,IT
50,59,Joseph Stephens,Monitor,2,23.88,2025-09-17,completed,GR
51,69,Kelsey Nicholson,Mouse,9,405.15,2025-12-23,cancelled,GR
52,32,Christian Swanson,Monitor,5,245.04,2026-07-04,cancelled,
53,84,Joseph Reed,Headset,1,1005.12,2025-10-03,cancelled,GR
54,18,Ms. Karen Robles DDS,Monitor,2,1335.67,2026-06-14,pending,IT
55,37,James Rogers,Headset,4,1079.24,2025-10-05,pending,IT
56,65,Justin Phillips,Keyboard,5,1358.95,2025-11-25,completed,GR
57,82,Christina Mcknight,Keyboard,5,75.69,2025-10-25,cancelled,DE
58,82,Kristine Mercer,Monitor,3,1114.43,2026-03-27,,
59,2,Julie Poole MD,Laptop,2,1418.13,2026-06-28,pending,
60,5,Patricia Nguyen,Monitor,10,833.26,2025-12-30,,DE
61,6,Renee Gonzalez,Monitor,6,1349.48,2026-04-10,completed,IT
62,27,Angela Villanueva,Mouse,2,536.98,2026-04-27,,
63,96,Kristi Clark,Mouse,4,1298.26,2026-01-09,pending,FR
64,4,Nancy Gibson,Mouse,6,1175.76,2025-08-26,,DE
65,35,Arthur Bright,Mouse,2,579.99,2026-05-22,completed,FR
66,29,Michael Robinson,Mouse,8,530.99,2026-04-16,pending,DE
67,4,Willie Hill,Mouse,7,499.11,2026-01-19,completed,IT
68,45,Anna Cruz,Headset,7,1022.48,2026-01-09,cancelled,GR
69,15,Clayton Martinez,Monitor,3,875.08,2025-12-08,cancelled,GR
70,14,Jennifer Curry,Headset,7,525.07,2025-08-18,cancelled,FR
71,78,Michael Allen,Headset,2,583.94,2025-08-20,pending,IT
72,6,Andrea Roberts,Keyboard,1,784.68,2025-10-01,pending,IT
73,56,Daniel Miller,Laptop,6,938.5,2026-03-20,completed,IT
74,65,Andrew Gilbert,Monitor,7,496.01,2025-11-27,cancelled,
75,17,Margaret Johnson,Mouse,7,1000.74,2025-12-22,,DE
76,79,Daniel Gilbert,Headset,5,615.05,2026-05-01,completed,IT
77,37,Zachary Wilson,Mouse,7,1180.78,2026-05-05,cancelled,FR
78,57,Angela Small,Keyboard,4,771.65,2025-12-14,pending,GR
79,37,Brenda Dickerson,Headset,10,509.43,2026-06-07,pending,IT
80,29,Angelica Fisher,Mouse,3,46.39,2026-03-25,pending,FR
81,79,Julie Berry,Laptop,8,627.52,2026-04-25,pending,FR
82,64,Laura Clayton,Keyboard,4,229.88,2025-09-30,completed,GR
83,100,Stephanie Hill,Keyboard,4,272.07,2026-06-22,,GR
84,72,Gregory Robbins,Mouse,2,690.13,2025-09-23,,
85,72,Joanne Wolfe,Headset,6,1425.56,2026-07-07,,
86,93,James Trujillo,Headset,7,1247.55,2026-05-05,,DE
87,96,Taylor Carey,Keyboard,8,396.2,2026-03-19,pending,IT
88,99,Joshua Carter,Headset,8,943.86,2026-06-17,cancelled,FR
89,10,Donald Gomez,Monitor,4,414.86,2025-11-28,cancelled,
90,11,Susan Cox,Mouse,3,354.58,2025-09-06,pending,DE
91,9,Michael Cortez,Keyboard,7,503.01,2026-04-19,,FR
92,8,Christopher Harris,Mouse,7,590.32,2025-10-03,completed,
93,49,Sandy Gray,Keyboard,1,1414.69,2026-06-06,cancelled,FR
94,54,Michael Kelly,Headset,9,1201.8,2025-07-29,pending,FR
95,29,Sean Vaughn,Monitor,7,733.61,2026-03-07,,IT
96,86,Rebecca Owens DDS,Keyboard,3,1262.35,2026-02-15,pending,
97,69,Michael Wood,Laptop,7,891.92,2026-05-27,completed,GR
98,83,Ernest Webb,Keyboard,3,1301.61,2026-03-16,pending,GR
99,34,Yolanda Merritt,Keyboard,6,325.37,2026-02-10,cancelled,IT
100,98,Ryan Phillips,Keyboard,5,1130.49,2026-07-24,,IT
101,11,Angela Christensen,Keyboard,1,1126.05,2026-03-10,completed,IT
102,29,Brian Brock,Laptop,1,1133.81,2026-06-28,pending,DE
103,3,Kimberly Long,Headset,3,365.43,2026-07-15,,GR
104,73,Melissa Bradford,Mouse,8,1052.2,2025-10-07,cancelled,DE
105,78,Justin Nielsen,Headset,2,1168.91,2025-10-06,pending,IT
106,14,Antonio Palmer,Headset,1,1394.04,2026-05-18,,FR
107,92,Cassandra Hudson,Mouse,2,892.23,2026-06-11,pending,GR
108,90,Kristin Sims,Monitor,10,1210.24,2025-11-16,completed,IT
109,69,Theodore Floyd,Keyboard,6,112.75,2025-10-03,cancelled,GR
110,54,Anthony Ayala,Keyboard,2,655.95,2025-11-06,cancelled,FR
111,91,Derrick Martin,Mouse,7,272.44,2026-02-09,cancelled,
112,69,Cassandra Anderson,Keyboard,8,659.01,2026-05-23,cancelled,IT
113,32,Sonia Carlson,Laptop,5,1323.63,2025-08-13,pending,FR
114,73,Emily Moody,Headset,7,511.23,2025-11-27,,IT
115,24,Christopher Chapman,Keyboard,4,538.69,2025-10-15,cancelled,IT
116,36,Alan Scott,Headset,5,838.13,2025-09-23,pending,GR
117,31,Eric Garcia,Keyboard,8,837.21,2025-08-25,pending,FR
118,83,Ellen Burns,Keyboard,8,1191.47,2026-05-24,completed,IT
119,29,Alyssa Calderon,Keyboard,4,466.25,2026-04-20,cancelled,FR
120,71,Melissa Lopez MD,Headset,6,644.0,2026-01-11,cancelled,IT
121,90,Aaron Patel,Keyboard,5,466.87,2026-01-26,pending,GR
122,93,Kathleen Ross,Mouse,6,188.14,2025-11-10,pending,DE
123,28,Michael Brown,Keyboard,5,1089.63,2026-02-17,cancelled,GR
124,25,Jonathan Rice,Monitor,4,547.71,2025-10-20,cancelled,GR
125,91,Sara Cummings,Headset,3,418.72,2026-07-24,completed,
126,38,Amanda Steele,Mouse,8,162.86,2025-07-28,completed,
127,37,Martin Gibbs,Keyboard,8,666.3,2025-10-03,pending,GR
128,33,Alexandra Wright,Keyboard,2,1234.95,2026-01-02,,FR
129,10,Chris Brown,Headset,1,236.07,2026-03-24,cancelled,GR
130,32,Erin Briggs,Laptop,9,1149.02,2026-02-01,pending,
131,49,Jose Horn,Keyboard,8,453.06,2025-08-25,,IT
132,73,Mary Lopez,Headset,1,918.35,2026-01-10,completed,DE
133,81,Brett Perez,Mouse,5,994.04,2026-05-13,pending,DE
134,23,Evelyn Adams,Headset,2,243.23,2026-05-05,,FR
135,89,Michael Rodriguez,Headset,8,443.98,2026-07-12,pending,IT
136,91,Brandon Page,Monitor,8,116.06,2025-12-10,pending,IT
137,81,Casey Reed,Headset,4,643.46,2025-09-16,pending,DE
138,35,Yvonne Davis,Mouse,2,98.86,2025-10-08,cancelled,
139,96,Ashley Hopkins,Headset,5,664.34,2026-04-09,,IT
140,90,Kimberly Adams,Keyboard,5,755.7,2025-09-10,,FR
141,11,Traci Cortez,Headset,1,1335.24,2025-09-22,cancelled,
142,33,Dennis Dudley,Laptop,2,351.1,2026-06-10,completed,IT
143,74,Michael Vaughn,Laptop,3,711.05,2026-07-11,,IT
144,24,Scott Campbell DVM,Headset,7,955.83,2026-01-12,,GR
145,61,Kimberly Vaughan,Monitor,7,506.63,2026-02-11,completed,DE
146,43,Geoffrey Conrad,Keyboard,8,439.44,2025-11-25,,
147,5,Amanda Bennett,Keyboard,2,478.63,2026-01-22,cancelled,GR
148,99,Donald Hunter,Keyboard,9,1239.14,2026-02-19,completed,
149,60,Renee Torres,Keyboard,1,289.5,2026-02-04,cancelled,
150,97,Kathleen Russell,Keyboard,8,1142.39,2025-12-12,pending,IT
151,71,Justin Jones,Mouse,5,662.79,2026-03-31,,GR
152,4,Holly Lawrence,Headset,4,1067.58,2025-10-22,cancelled,
153,2,Richard Osborne,Headset,7,148.88,2026-07-01,completed,FR
154,16,Cheryl Schaefer,Mouse,8,1399.65,2026-04-29,cancelled,
155,91,Nathan Carter,Monitor,7,1253.74,2026-05-18,,DE
156,59,Paige Parks,Headset,3,581.54,2026-04-12,pending,GR
157,36,Tanya Booth,Keyboard,6,1402.03,2026-01-15,cancelled,GR
158,37,Steven Bender,Monitor,10,874.09,2026-04-27,,DE
159,58,Lauren Owens,Headset,8,524.23,2026-06-14,,FR
160,42,Heather Hernandez,Mouse,4,861.98,2025-08-23,pending,FR
161,6,Eric Harrison,Monitor,8,1060.79,2025-10-30,,FR
162,85,David Hopkins,Mouse,8,1447.59,2025-11-21,pending,
163,76,Daniel Vaughn,Monitor,2,1312.54,2026-07-18,,GR
164,68,Peter Pugh,Keyboard,1,1086.44,2026-06-07,,DE
165,10,Michael Dalton,Keyboard,5,514.46,2026-05-26,,GR
166,43,Lisa Campbell,Headset,7,1431.67,2025-08-09,,
167,5,Peter Leblanc,Headset,2,359.81,2026-04-02,cancelled,DE
168,96,Charles Taylor,Laptop,7,1467.72,2026-07-19,completed,FR
169,22,Charles Morgan,Monitor,1,78.53,2026-05-27,completed,IT
170,46,Tammy Brown,Monitor,7,226.9,2025-12-20,,
171,88,Kevin Beck,Mouse,3,270.85,2025-08-04,,
172,88,Victoria Hernandez,Mouse,8,1370.12,2026-05-18,pending,DE
173,60,Christopher Smith,Monitor,8,390.44,2026-04-07,completed,FR
174,37,Teresa Jones,Headset,3,120.05,2025-08-07,cancelled,
175,39,Michael Mathews,Keyboard,5,690.69,2025-12-25,cancelled,DE
176,50,Christine Mcdonald,Keyboard,2,363.44,2026-03-24,cancelled,
177,38,Nathan Black,Monitor,1,1467.14,2026-07-05,,IT
178,2,Maria Wyatt,Headset,1,1366.82,2025-08-22,,IT
179,100,Joseph Riley,Mouse,10,1204.88,2025-12-06,pending,DE
180,80,Shannon Erickson,Monitor,3,946.09,2026-07-03,completed,IT
181,57,Rebecca Ryan,Laptop,10,553.64,2026-05-15,pending,GR
182,38,Lisa Pierce,Monitor,7,271.7,2026-05-01,pending,
183,47,Jill Hernandez,Headset,9,1371.1,2026-02-01,pending,IT
184,62,Nicole Mitchell,Monitor,6,1208.31,2026-02-08,,GR
185,19,Pamela Colon,Mouse,7,1451.23,2025-10-24,cancelled,GR
186,51,Robert Rhodes,Laptop,5,809.49,2026-05-05,,IT
187,87,Alan Brown,Monitor,10,577.73,2026-01-18,cancelled,GR
188,87,Mrs. Lisa Campbell DVM,Mouse,8,47.29,2026-04-11,cancelled,
189,29,Tanya Munoz,Laptop,8,1364.99,2026-03-18,cancelled,FR
190,15,Cynthia Robinson,Mouse,1,1419.93,2025-10-27,cancelled,FR
191,15,Crystal Hernandez,Laptop,4,1332.02,2026-05-12,pending,FR
192,59,Christopher Gregory,Monitor,9,634.5,2025-12-25,pending,FR
193,84,Edward Hall,Laptop,8,927.32,2025-12-11,cancelled,GR
194,89,Cody Taylor,Monitor,4,670.64,2026-05-13,pending,IT
195,13,Craig Graham,Monitor,9,1353.53,2025-08-10,cancelled,GR
196,51,Rhonda Sullivan,Monitor,4,1452.63,2025-11-02,,GR
197,85,Dawn Johnston,Mouse,10,1456.93,2026-07-14,completed,IT
198,32,Laura Hall,Mouse,10,315.76,2026-07-12,pending,
199,28,Chelsea Brown,Mouse,6,1163.81,2025-12-28,completed,IT
200,19,Matthew Warner,Mouse,9,383.47,2026-03-28,pending,GR
201,85,Robert Taylor,Laptop,3,32.14,2025-08-18,pending,
202,42,Tracy Wheeler,Laptop,3,405.4,2026-03-25,pending,FR
203,68,Michael Clark,Laptop,2,719.61,2025-10-16,cancelled,
204,76,Daniel Dunn,Laptop,8,760.72,2026-04-13,completed,
205,39,John Brown,Keyboard,1,100.63,2026-07-06,,FR
206,55,Jonathon Nguyen,Laptop,8,1071.48,2026-04-19,,GR
207,11,Deborah Anthony,Monitor,10,231.02,2026-01-14,pending,IT
208,80,Andrew Jackson,Headset,9,1071.11,2025-12-07,,
209,68,Kathryn Phillips,Monitor,8,763.27,2025-11-10,,GR
210,90,Jordan Glover,Laptop,9,1084.05,2026-01-06,pending,FR
211,58,William Velazquez,Mouse,7,515.01,2025-08-30,,FR
212,54,Jessica Henry,Laptop,6,645.88,2026-02-15,cancelled,IT
213,20,Krystal Hahn,Keyboard,2,145.92,2025-12-19,completed,GR
214,56,Joshua Nguyen,Laptop,6,1219.54,2025-09-27,completed,
215,72,Shannon Petersen,Headset,6,1008.32,2026-04-03,,IT
216,86,Aaron James,Keyboard,1,1452.91,2026-07-14,cancelled,IT
217,14,Alison Evans,Headset,9,326.98,2026-03-05,,DE
218,14,Thomas Walker,Monitor,9,557.67,2025-12-21,cancelled,
219,29,Cathy Valenzuela,Keyboard,9,1462.07,2026-03-09,completed,
220,85,Tracy Russell,Monitor,1,278.82,2026-05-14,cancelled,IT
221,45,Tiffany White,Laptop,3,1306.1,2025-11-25,,GR
222,19,Brian Baker,Laptop,2,1121.71,2025-09-20,pending,FR
223,54,Sarah Randall,Keyboard,6,244.54,2026-02-22,cancelled,IT
224,100,Emily Hicks,Headset,10,136.59,2025-12-22,completed,DE
225,21,Russell Mitchell,Headset,1,1014.21,2025-11-06,cancelled,FR
226,85,Vanessa Ross,Keyboard,8,914.54,2025-12-27,,IT
227,28,Annette Gutierrez,Headset,2,524.31,2026-02-05,completed,IT
228,87,Margaret Ward,Headset,8,795.13,2025-09-22,cancelled,GR
229,29,Terry Green,Keyboard,10,91.63,2026-02-01,pending,IT
230,28,David Smith,Mouse,5,441.28,2025-12-11,completed,GR
231,64,Yolanda Sanchez,Keyboard,3,202.49,2025-10-07,pending,
232,72,Janet Short,Monitor,2,601.64,2026-03-16,completed,FR
233,3,Alexis Edwards,Keyboard,2,1294.54,2025-12-07,,
234,52,Michael Garcia,Keyboard,5,181.61,2026-04-12,completed,IT
235,22,Michael Torres,Headset,8,1249.72,2025-11-13,cancelled,GR
236,56,Edward Anderson,Laptop,4,659.16,2026-07-19,,
237,11,Brent Walton,Keyboard,5,1121.25,2025-09-22,pending,IT
238,100,Abigail Elliott,Mouse,2,770.62,2025-08-05,completed,
239,66,Christina Wilson,Mouse,6,533.14,2026-04-25,pending,DE
240,14,Kimberly Barber,Mouse,5,303.93,2026-03-16,pending,GR
241,23,Victor Nguyen,Keyboard,8,1134.12,2025-07-30,,
242,83,Austin Castaneda,Headset,6,1297.73,2026-04-11,cancelled,DE
243,57,Olivia Turner,Laptop,8,668.89,2025-12-19,cancelled,IT
244,76,Heather Rogers,Laptop,6,765.93,2026-05-08,cancelled,FR
245,58,Derek Rivera,Laptop,1,559.42,2025-09-21,cancelled,GR
246,83,Troy Hernandez,Laptop,10,895.18,2026-01-20,,FR
247,75,Brian Hodge,Headset,1,680.1,2025-11-08,pending,IT
248,78,Melissa Sweeney,Keyboard,9,234.78,2026-04-08,completed,FR
249,14,Jennifer Bates,Monitor,2,761.78,2026-05-26,pending,GR
250,32,Christopher Wood,Keyboard,8,790.86,2026-01-14,pending,IT
251,48,Sherri Arnold,Monitor,7,619.07,2025-08-01,cancelled,
252,7,Jamie Holden,Monitor,2,501.24,2026-04-10,,IT
253,33,Stacey Perez,Headset,3,506.71,2025-08-17,pending,IT
254,40,Michael Cook,Keyboard,3,896.61,2026-06-28,completed,IT
255,72,Ricardo Barr,Keyboard,6,1221.65,2026-06-09,completed,FR
256,66,Richard Yang,Monitor,1,550.27,2025-09-15,pending,DE
257,44,Maria Jones,Keyboard,4,347.55,2025-08-15,pending,DE
258,10,Olivia Benson,Monitor,2,766.46,2026-05-19,completed,IT
259,99,Tricia Martinez,Headset,3,899.9,2025-10-03,pending,DE
260,24,John Christensen,Headset,3,1084.56,2025-09-29,completed,FR
261,47,Charles Smith,Mouse,8,919.79,2026-02-19,,DE
262,69,Regina Romero,Mouse,5,1448.74,2025-10-04,,DE
263,48,Kayla Harrison,Headset,8,697.9,2026-06-14,cancelled,FR
264,65,Michael Fuller,Headset,7,1449.74,2025-12-05,pending,
265,18,Brandon Norton,Monitor,1,965.36,2025-12-27,cancelled,
266,14,Antonio Beasley,Headset,2,434.74,2025-08-10,pending,IT
267,58,Wendy Ward,Headset,3,1248.26,2025-11-29,completed,DE
268,58,Albert Cook,Monitor,1,628.2,2026-01-27,,
269,48,Jennifer Johnson,Mouse,7,1491.84,2025-11-23,cancelled,DE
270,4,Anne Donaldson,Monitor,2,1260.37,2025-07-29,cancelled,DE
271,18,Julie Miller,Laptop,5,1376.92,2026-03-01,,DE
272,98,Juan Davis,Keyboard,8,926.87,2025-12-19,completed,GR
273,33,Tracey Parsons,Mouse,3,827.72,2025-12-28,,GR
274,100,Haley Miles,Monitor,4,458.72,2026-06-03,completed,DE
275,54,David Mclaughlin,Headset,8,103.58,2026-02-06,,
276,69,Valerie Carpenter,Laptop,9,866.82,2026-02-17,pending,IT
277,55,Carol Blake,Laptop,10,535.7,2025-08-16,,DE
278,86,Danny Bryant,Laptop,9,1462.24,2025-09-06,completed,
279,70,Ruth Copeland,Headset,9,835.69,2025-09-05,,FR
280,6,Sean Medina,Keyboard,6,387.94,2025-11-26,completed,IT
281,9,Amy Clark,Monitor,4,1102.08,2026-01-31,completed,
282,95,James Harris,Monitor,3,76.06,2025-08-21,cancelled,DE
283,100,Alexander Yang,Keyboard,8,951.29,2025-08-26,pending,GR
284,92,Dylan Henry,Keyboard,1,447.23,2026-03-07,completed,DE
285,6,Anthony Welch,Monitor,5,777.92,2026-04-25,,IT
286,5,Jordan Mata,Mouse,5,541.89,2025-07-30,completed,IT
287,35,Donald Carroll,Laptop,6,661.06,2026-05-18,,FR
288,50,Brenda Poole,Monitor,3,749.34,2026-03-11,,IT
289,67,Edward Dalton,Monitor,2,1093.35,2026-04-09,completed,FR
290,78,Joseph Murphy,Mouse,9,447.71,2025-08-03,completed,GR
291,42,Benjamin Adams,Monitor,5,674.41,2026-03-31,,DE
292,89,Patricia Rogers,Keyboard,6,676.22,2025-11-07,cancelled,
293,56,Jason Kirk,Monitor,1,121.81,2026-06-11,,IT
294,66,William Gonzalez,Mouse,1,222.74,2026-07-11,,GR
295,17,Robert Arnold,Laptop,4,1169.99,2026-06-10,cancelled,IT
296,50,Deborah Williams,Headset,1,911.59,2025-12-28,,IT
297,48,Vernon Williams,Keyboard,2,865.14,2025-08-14,cancelled,FR
298,41,Mark Brandt,Monitor,4,1441.17,2025-12-12,completed,DE
299,64,James Logan,Headset,7,1371.18,2025-12-04,completed,IT
300,100,Timothy Nelson,Monitor,8,329.71,2025-08-10,cancelled,FR
301,26,Anthony Howard,Laptop,3,1280.71,2025-12-24,,DE
302,92,Brandon Jackson,Keyboard,2,1217.66,2026-02-28,cancelled,IT
303,91,Mike Lara DDS,Laptop,9,817.84,2026-03-08,cancelled,DE
304,92,Kelly Willis,Mouse,6,768.05,2025-10-02,completed,DE
305,18,Angel Rodriguez,Mouse,8,49.16,2026-07-12,cancelled,FR
306,71,Brooke Schroeder,Mouse,10,1327.53,2025-10-08,completed,IT
307,51,Erika Morton,Keyboard,9,622.08,2026-07-19,,
308,10,Jennifer Garcia,Mouse,6,967.08,2025-12-15,,FR
309,88,Scott Wells,Headset,6,201.22,2025-10-30,pending,DE
310,56,Michael Santiago,Headset,1,1248.77,2026-06-26,pending,IT
311,22,Eric Shaw,Mouse,6,1402.76,2026-03-19,pending,IT
312,67,Blake Conway,Monitor,2,383.4,2025-08-15,cancelled,DE
313,81,Ian Bates DDS,Monitor,10,804.88,2025-09-13,pending,
314,75,Mindy Russell,Mouse,3,991.51,2025-08-08,cancelled,
315,6,Alan Charles,Laptop,2,77.74,2026-02-07,cancelled,DE
316,99,William Fischer,Headset,7,930.98,2025-08-28,completed,FR
317,81,Jennifer Hood,Headset,5,966.44,2025-12-22,cancelled,FR
318,32,Maria Lawrence,Keyboard,5,685.78,2026-07-23,completed,DE
319,57,Levi Trevino,Keyboard,8,702.02,2025-08-11,cancelled,
320,19,Frank Powers,Monitor,6,1103.96,2026-07-21,cancelled,FR
321,17,Melanie Ramirez,Monitor,9,846.86,2025-12-16,cancelled,DE
322,60,Karen Peterson,Laptop,5,679.9,2025-11-20,pending,GR
323,7,Michael Wright,Monitor,7,1297.6,2026-04-09,,DE
324,21,Katherine Fields,Monitor,10,1084.48,2026-01-04,pending,DE
325,64,Kim Andrews,Headset,8,753.15,2025-07-25,cancelled,FR
326,3,Elizabeth Gillespie,Laptop,7,763.11,2026-03-15,pending,DE
327,75,Ariel Phillips,Monitor,1,85.31,2026-05-03,,
328,84,Joshua Williams,Keyboard,5,809.67,2025-12-27,completed,FR
329,18,Christina Stafford,Monitor,6,1148.15,2026-07-07,cancelled,GR
330,52,Jeffrey Hawkins,Laptop,10,847.11,2026-05-05,cancelled,
331,37,Ashley Davis,Laptop,7,761.34,2025-10-05,cancelled,
332,88,Anthony Ray,Headset,2,201.71,2025-11-07,completed,FR
333,48,Hannah Mann,Monitor,9,1409.03,2025-08-26,pending,DE
334,78,Jonathan Hensley,Headset,7,755.12,2026-05-08,completed,GR
335,18,Michael Hendrix,Monitor,8,783.81,2026-02-23,pending,
336,66,Kim Campos,Mouse,6,1397.74,2026-04-12,cancelled,DE
337,51,Mr. Thomas Alexander,Headset,5,894.65,2025-09-06,,
338,39,Hailey Mercado,Keyboard,1,558.85,2026-01-11,completed,FR
339,75,Natalie Maxwell,Monitor,1,899.4,2025-08-09,cancelled,
340,74,John Thompson,Mouse,1,879.45,2026-01-21,pending,
341,81,Kristen Frazier,Headset,7,230.19,2025-12-07,pending,GR
342,74,Michael Hancock,Laptop,4,38.22,2025-12-27,cancelled,FR
343,20,Douglas Allen,Keyboard,4,621.46,2026-02-14,,GR
344,91,Benjamin Hayden,Mouse,9,318.94,2026-03-20,cancelled,FR
345,68,Ronald Perez,Keyboard,6,1435.46,2026-02-18,,
346,44,Jennifer Wolfe,Headset,6,1017.04,2026-05-19,cancelled,
347,62,Linda Henderson,Mouse,4,425.72,2026-02-27,cancelled,DE
348,39,Ariel Martinez,Monitor,4,1038.46,2026-05-01,,IT
349,62,Mark Jordan,Monitor,9,1401.21,2025-10-12,cancelled,IT
350,16,Derrick Davis,Headset,9,575.74,2026-06-19,,IT
351,99,Aaron Martin,Mouse,5,72.68,2026-03-01,completed,IT
352,57,Linda Hicks,Monitor,8,328.84,2026-04-15,cancelled,
353,90,Oscar Mcclain,Monitor,3,172.75,2026-06-15,pending,DE
354,7,Zachary Porter MD,Headset,4,960.54,2025-08-07,completed,GR
355,53,Alexander Guerrero,Monitor,8,159.81,2025-11-27,pending,GR
356,71,Monique West,Mouse,7,982.81,2025-12-14,,FR
357,84,Johnathan Holmes,Mouse,5,488.54,2025-10-30,completed,GR
358,84,Emily Becker,Headset,4,807.38,2026-02-20,completed,DE
359,54,Mary Smith,Mouse,1,1495.79,2025-08-19,,FR
360,24,William Clarke,Monitor,1,23.81,2025-11-12,completed,IT
361,37,Stephanie Gutierrez,Keyboard,9,791.23,2026-02-21,pending,
362,60,Cindy Dickerson,Monitor,4,1215.13,2026-02-12,cancelled,DE
363,94,Carolyn Craig,Keyboard,5,1080.71,2026-07-17,completed,IT
364,38,Lisa Little,Headset,4,271.49,2026-03-13,,FR
365,66,Cathy Perez,Monitor,2,607.24,2025-10-31,completed,DE
366,18,Timothy Allen,Keyboard,6,1404.38,2025-08-24,completed,IT
367,50,Brian Horton,Mouse,8,1133.1,2026-02-14,cancelled,IT
368,75,Aaron Hill,Headset,1,399.71,2025-10-16,cancelled,DE
369,8,Amy Riley,Laptop,8,467.14,2025-11-09,,
370,91,Jenna Pearson,Monitor,2,961.68,2026-04-21,cancelled,IT
371,79,Teresa Williams,Mouse,4,1436.47,2026-06-26,,DE
372,59,Samuel Lewis,Headset,6,629.61,2026-06-27,,
373,86,James Torres,Mouse,4,1023.71,2026-07-23,completed,
374,58,Christine Espinoza,Headset,6,126.37,2026-04-14,completed,GR
375,71,Jamie Smith,Headset,4,863.33,2025-09-25,pending,DE
376,42,Sandra Kim,Headset,8,183.2,2025-12-16,pending,
377,63,Kent Baker,Laptop,9,673.77,2026-04-07,completed,FR
378,17,Shannon Trevino,Headset,7,690.63,2026-03-24,completed,
379,60,Sarah Davis,Monitor,1,599.96,2025-12-30,completed,DE
380,75,Mary Wright,Laptop,1,641.31,2026-01-07,completed,
381,8,Jason Davis,Laptop,8,57.28,2025-12-03,,DE
382,99,Tamara Ferguson,Mouse,7,567.95,2026-02-13,,FR
383,49,Sara Johnson,Keyboard,2,1027.27,2025-11-08,pending,IT
384,16,Kimberly Rose,Mouse,9,595.66,2025-08-30,pending,DE
385,1,Mr. Jonathan Schroeder MD,Laptop,5,699.88,2026-02-10,,
386,49,April King,Mouse,4,696.33,2026-02-11,pending,IT
387,25,Kristen Kelley,Laptop,1,1216.12,2026-03-24,,
388,99,Morgan Anderson,Laptop,4,317.06,2026-01-08,completed,
389,5,Kenneth Bailey,Keyboard,10,1011.32,2025-10-28,completed,DE
390,95,Tonya Smith MD,Laptop,7,664.05,2026-03-16,pending,GR
391,18,Melinda Horton,Headset,5,358.9,2025-08-09,cancelled,
392,77,Nancy Hunter,Monitor,4,459.63,2026-03-23,pending,
393,29,Becky Gross,Keyboard,5,419.98,2026-05-18,pending,FR
394,72,Barry Smith,Keyboard,1,1458.71,2026-05-16,,
395,41,Jennifer Davis,Keyboard,7,232.33,2026-04-24,,DE
396,97,Paige Rodriguez,Headset,8,369.04,2026-04-07,pending,IT
397,91,Jody Floyd,Mouse,8,1372.96,2026-01-10,,FR
398,72,Lisa Campbell,Headset,3,588.74,2025-07-24,cancelled,DE
399,43,Emily Wolfe MD,Laptop,8,1272.23,2026-02-28,completed,
400,93,Briana Brown,Mouse,1,410.01,2025-09-16,completed,GR
401,25,Derek Figueroa,Headset,9,333.35,2026-05-24,pending,IT
402,39,Alyssa Hamilton,Laptop,4,1406.37,2026-06-13,completed,FR
403,32,Scott Bowman,Headset,4,600.98,2026-07-24,pending,
404,42,Ashley Gonzalez,Monitor,7,704.71,2025-11-22,cancelled,IT
405,34,Joel Burns,Monitor,9,1325.39,2025-12-01,,GR
406,93,Eric Nash,Keyboard,6,1372.35,2026-02-17,cancelled,IT
407,53,Amanda Nichols,Laptop,10,1297.49,2025-10-10,pending,GR
408,34,Savannah Wade,Headset,10,872.92,2026-06-18,,IT
409,20,Katrina Davis,Mouse,6,352.73,2026-04-19,pending,FR
410,71,Julie Mcdonald,Monitor,5,1147.41,2026-01-28,,FR
411,59,Daniel Owen,Mouse,6,262.21,2025-09-15,,DE
412,70,Zachary Cox,Laptop,9,60.4,2025-11-05,completed,GR
413,98,Benjamin Turner,Laptop,7,214.86,2026-04-11,pending,GR
414,91,Lauren Wilson,Mouse,1,335.89,2026-03-31,,IT
415,8,Christopher Nguyen,Headset,10,1370.0,2026-04-23,,GR
416,1,Debbie Valdez,Headset,9,622.89,2026-04-09,completed,
417,93,Matthew Scott,Monitor,9,1466.44,2026-05-11,completed,
418,90,Jennifer Wright,Keyboard,3,169.45,2026-04-22,completed,
419,20,Denise Carlson,Mouse,4,933.47,2026-06-21,cancelled,IT
420,35,Craig Larsen,Keyboard,2,565.85,2025-08-04,,FR
421,73,Laura Stewart,Mouse,4,456.96,2025-08-25,completed,GR
422,12,Susan Campbell,Keyboard,7,571.98,2025-11-30,,GR
423,82,Kim Soto,Laptop,3,133.2,2025-11-21,,IT
424,73,Miguel Davis,Laptop,9,1379.54,2026-03-12,pending,DE
425,89,Jody Russell DVM,Headset,8,413.93,2025-10-14,completed,IT
426,70,Mr. Jason Diaz,Headset,1,277.24,2026-03-27,cancelled,GR
427,27,Rebekah Ochoa,Headset,3,1130.86,2026-07-20,,GR
428,39,Andrew Mccann,Mouse,10,368.3,2026-01-02,,
429,43,Todd Gomez,Keyboard,3,1187.84,2026-02-06,completed,
430,96,Amy Martin,Monitor,1,155.55,2026-07-21,pending,GR
431,44,James Martin,Headset,10,1432.74,2026-06-27,,IT
432,4,Jenna Rodriguez,Monitor,8,741.0,2026-04-13,cancelled,
433,49,Chelsea Hubbard,Keyboard,3,1022.75,2026-04-25,,GR
434,99,Christina Williamson,Headset,5,1199.1,2026-03-28,completed,GR
435,35,Charlotte Jones,Mouse,7,1070.4,2025-08-27,pending,FR
436,41,Amber Mitchell,Monitor,2,146.37,2026-01-26,cancelled,FR
437,47,Sheri Williams,Monitor,2,207.44,2025-08-27,pending,FR
438,58,Shannon Baldwin,Headset,9,773.54,2026-01-03,completed,GR
439,12,George May,Monitor,9,148.67,2026-03-18,cancelled,FR
440,2,Matthew Lee,Monitor,7,587.82,2025-11-18,completed,
441,32,Valerie Kennedy,Headset,9,262.68,2025-12-07,,DE
442,18,Darrell Moore,Monitor,5,409.93,2025-09-13,pending,GR
443,22,Kimberly Campos,Keyboard,5,637.44,2026-04-03,,GR
444,47,Raymond Smith,Monitor,4,1084.14,2025-10-30,,
445,79,Danielle Dixon,Mouse,8,169.39,2026-04-22,cancelled,GR
446,51,Dustin Richardson,Monitor,10,576.04,2026-02-13,cancelled,FR
447,43,Cynthia Rios,Keyboard,10,212.83,2026-01-23,cancelled,
448,89,Michael Mayer,Mouse,8,478.13,2026-05-21,,IT
449,38,Dr. Anthony Allison DVM,Keyboard,10,1175.14,2026-07-08,cancelled,FR
450,36,Donald Mitchell,Keyboard,6,179.69,2026-01-07,pending,
451,70,Pamela Brown,Mouse,9,50.11,2026-03-03,,DE
452,57,Michael Smith,Monitor,2,1230.26,2026-04-30,,FR
453,18,Jonathan Morales,Monitor,4,386.5,2025-08-16,pending,FR
454,49,Victor Johnson,Laptop,8,1486.14,2025-09-21,,
455,52,Jose Hopkins,Headset,9,1386.01,2026-04-27,,
456,5,Joan Day,Monitor,9,894.79,2026-03-24,completed,GR
457,99,Matthew Perez,Mouse,6,257.84,2026-07-22,completed,
458,83,Juan Sims,Keyboard,6,1448.92,2025-08-22,,GR
459,2,Ms. Emily Ortega DVM,Laptop,5,340.78,2026-05-14,pending,FR
460,48,Sara Gonzalez,Keyboard,8,1160.79,2026-01-15,pending,IT
461,4,Michael Carlson,Keyboard,2,450.19,2026-06-09,completed,GR
462,94,Brian King,Mouse,6,474.72,2026-04-27,,DE
463,67,David Hudson,Keyboard,6,719.48,2026-01-03,,FR
464,41,Abigail Banks,Laptop,5,76.58,2025-08-13,completed,GR
465,44,Cynthia Chandler MD,Laptop,3,1395.58,2026-04-23,pending,
466,23,Amy Cochran,Headset,3,503.17,2025-12-29,,FR
467,30,Douglas Duncan,Keyboard,3,287.72,2025-10-23,,FR
468,4,James Cardenas,Headset,4,679.87,2026-03-17,,FR
469,1,Karen Horne,Mouse,4,424.73,2025-07-29,completed,
470,14,Amanda Hoffman,Headset,3,555.03,2025-09-19,pending,FR
471,15,Sarah Rodriguez,Monitor,8,796.3,2026-05-13,cancelled,
472,50,David Wright,Headset,7,884.64,2025-12-06,cancelled,IT
473,59,Cheryl Campbell,Headset,3,1222.47,2025-10-24,cancelled,
474,76,Frank Gibbs,Laptop,3,476.65,2026-07-16,pending,IT
475,15,Taylor Johnson,Mouse,6,1043.22,2026-02-23,,FR
476,77,Amber Harmon,Mouse,10,581.73,2025-08-02,pending,FR
477,82,Justin Moss,Headset,3,836.82,2026-04-10,,IT
478,18,Thomas Young,Mouse,6,1264.56,2026-05-20,completed,IT
479,2,Christina Brown,Keyboard,3,300.74,2026-03-04,,
480,65,Joseph Weiss,Keyboard,7,1030.2,2025-10-07,,FR
481,63,Lonnie Jones,Mouse,2,852.44,2026-06-14,pending,IT
482,5,Christopher Saunders,Monitor,4,811.04,2026-04-02,pending,FR
483,73,Jessica Robbins,Keyboard,9,771.1,2025-11-24,completed,IT
484,100,Paula Miller,Headset,6,817.64,2026-06-29,completed,FR
485,70,Justin Jones,Mouse,7,162.6,2026-06-14,pending,IT
486,5,Sheila Martin,Keyboard,5,529.38,2025-12-30,completed,FR
487,16,Cheryl Scott,Mouse,4,1217.95,2025-12-20,cancelled,
488,81,William Bennett,Keyboard,3,928.07,2026-01-21,pending,DE
489,8,Richard Barnes,Headset,6,803.1,2025-12-08,pending,IT
490,91,Edward Stephens,Monitor,5,863.38,2026-07-08,completed,DE
491,97,William Johnson,Keyboard,1,1488.8,2025-11-08,pending,DE
492,32,Francisco James,Mouse,6,1244.44,2025-10-30,,FR
493,19,Jenna Doyle,Headset,5,945.44,2025-09-28,,FR
494,10,Kathryn Sheppard,Laptop,7,778.26,2026-02-21,cancelled,IT
495,59,Susan Brooks,Keyboard,6,877.11,2025-11-23,completed,FR
496,82,Cesar Franklin,Monitor,2,1195.56,2025-09-19,,DE
497,55,Megan Copeland,Mouse,8,410.12,2026-03-12,cancelled,IT
498,71,Seth Carroll,Headset,3,853.55,2026-07-13,,IT
499,88,Tracy Wiggins,Laptop,1,158.37,2026-01-19,,GR
500,16,Tracy Velasquez,Mouse,8,690.21,2025-09-30,,DE
501,89,David Garcia,Mouse,5,246.88,2026-05-22,cancelled,GR
502,84,Samuel Anderson,Monitor,5,132.81,2026-07-23,pending,GR
503,51,Bradley Nguyen,Monitor,4,649.55,2025-12-30,completed,GR
504,1,Anthony Weiss,Mouse,8,126.13,2025-08-02,pending,
505,88,Elaine Anthony,Keyboard,1,22.01,2025-11-07,cancelled,GR
506,55,Melvin Smith,Mouse,8,115.53,2026-01-13,,GR
507,94,Caroline Jennings,Laptop,2,476.89,2026-05-11,cancelled,DE
508,49,Taylor Lyons,Mouse,3,111.93,2026-06-30,completed,
509,84,Charles Dunn,Mouse,8,533.27,2026-03-03,pending,DE
510,53,Stephen Patel,Headset,8,1291.34,2026-02-26,completed,GR
511,18,Jeremy Bates,Laptop,10,1097.71,2026-05-09,cancelled,FR
512,41,Bridget Garcia,Mouse,4,422.68,2026-06-14,completed,DE
513,71,Ashley Strong,Headset,10,1084.56,2025-11-07,cancelled,GR
514,85,Michael Thomas,Monitor,4,781.45,2025-07-29,pending,FR
515,38,Tamara Palmer,Laptop,4,747.38,2026-05-22,completed,DE
516,64,Sheryl Green,Headset,2,797.15,2026-07-06,completed,IT
517,41,Joshua Padilla,Mouse,7,1292.61,2026-01-28,,IT
518,70,Heather Hoover,Mouse,8,1432.13,2026-04-15,completed,GR
519,76,Kimberly Donaldson,Laptop,1,400.66,2025-08-14,completed,GR
520,51,Kimberly Smith,Headset,5,946.57,2025-12-12,,FR
521,90,Jeffrey Lucas,Keyboard,2,964.4,2026-05-08,pending,IT
522,11,Sarah Buchanan,Monitor,2,771.84,2025-12-13,pending,DE
523,69,David Mendoza,Monitor,7,883.79,2025-12-04,completed,IT
524,90,Robert Jones,Keyboard,4,96.28,2025-09-09,completed,FR
525,15,Sarah Long,Keyboard,10,917.16,2026-03-19,cancelled,DE
526,16,Roy Willis,Laptop,3,1055.23,2026-02-05,pending,FR
527,45,Kelly Lane,Headset,9,1176.65,2025-09-14,cancelled,DE
528,48,Tyler Cannon,Mouse,5,1102.07,2026-07-16,completed,GR
529,43,Bradley Cooper,Keyboard,5,790.54,2026-03-08,cancelled,
530,81,Valerie Santana,Laptop,8,688.24,2026-03-05,cancelled,GR
531,64,Tyler Jackson,Headset,3,557.85,2025-12-15,cancelled,GR
532,74,Lisa Hensley,Laptop,4,1113.76,2026-07-04,completed,GR
533,2,Caitlin Harrington,Mouse,1,712.93,2026-04-05,,DE
534,23,Tonya Maldonado,Laptop,9,1206.64,2025-10-31,,DE
535,42,Lori Smith,Mouse,7,1374.62,2026-02-12,cancelled,IT
536,10,Robert Ramos,Headset,6,187.91,2026-02-22,completed,DE
537,29,Jacqueline Terrell,Headset,1,1431.58,2025-08-28,completed,FR
538,37,Megan Mack,Monitor,6,138.71,2025-10-27,,GR
539,48,Christopher Ballard,Mouse,5,850.07,2025-10-12,cancelled,
540,32,Jimmy Compton,Keyboard,6,891.62,2026-01-24,,DE
541,94,Justin Scott,Headset,4,234.34,2026-03-06,,GR
542,30,Robert Moody,Headset,6,957.55,2026-01-12,completed,IT
543,1,Tony Sawyer,Keyboard,5,164.88,2026-03-18,pending,FR
544,63,Bethany Valenzuela,Laptop,3,1070.36,2026-02-28,completed,GR
545,30,Keith Goodman,Headset,7,1054.26,2026-03-05,cancelled,FR
546,96,Ellen Gutierrez,Laptop,10,152.41,2025-10-13,pending,FR
547,10,Elizabeth Saunders,Headset,10,102.8,2026-07-09,pending,DE
548,38,Justin Gray,Monitor,6,1389.8,2026-03-16,,IT
549,41,Michael Moore,Keyboard,5,358.08,2025-09-05,pending,DE
550,100,Michael Garrett,Headset,2,241.56,2025-11-08,pending,FR
551,60,Monica Lee,Monitor,7,189.9,2026-01-14,cancelled,DE
552,58,Patrick Mosley,Monitor,8,404.86,2025-11-03,completed,GR
553,21,Charles Nelson,Monitor,10,70.09,2025-12-01,cancelled,DE
554,12,Anthony Fisher,Mouse,6,600.4,2026-07-18,completed,IT
555,34,Scott Hensley,Mouse,1,1428.62,2025-08-23,,
556,96,Timothy Lee,Headset,4,151.14,2025-12-21,completed,DE
557,16,Jessica Barry,Laptop,1,1247.25,2026-07-01,pending,DE
558,26,Gabrielle Kramer,Keyboard,6,1032.57,2025-08-08,completed,
559,76,Pamela Johnson,Monitor,2,42.48,2026-06-22,completed,DE
560,83,Patricia Morgan,Keyboard,3,147.05,2026-01-03,cancelled,GR
561,6,Jeff Ali,Keyboard,1,260.3,2026-06-13,,FR
562,64,Kristopher Smith,Laptop,7,1027.99,2025-10-13,pending,IT
563,28,Angel Young,Mouse,5,426.98,2026-02-19,pending,GR
564,79,Nicholas Russell,Headset,10,376.22,2026-02-25,cancelled,FR
565,53,Mary Warren,Headset,8,100.86,2025-09-26,cancelled,FR
566,18,Cheyenne Gill,Keyboard,4,967.55,2025-09-05,pending,
567,3,Julia Taylor,Keyboard,6,724.73,2026-02-03,,IT
568,73,Gregory Johns,Headset,6,588.69,2026-02-09,pending,GR
569,41,Zachary Burns,Headset,4,53.66,2025-08-05,cancelled,GR
570,61,Judith Lin,Headset,6,1152.59,2026-01-16,pending,DE
571,13,James Livingston,Mouse,4,407.13,2025-12-20,completed,DE
572,74,Christopher Howard,Keyboard,6,1403.46,2025-11-24,pending,DE
573,31,John Williams,Headset,6,1211.25,2026-03-28,cancelled,
574,4,Shawn Townsend,Monitor,10,849.77,2026-06-15,pending,FR
575,70,Mitchell Fleming,Monitor,3,740.75,2025-11-08,completed,GR
576,30,Diana Hunter,Headset,4,39.69,2025-09-03,,GR
577,43,Rhonda Johnson,Headset,4,1211.6,2025-11-29,cancelled,DE
578,42,John Evans,Laptop,1,230.09,2026-05-13,pending,GR
579,68,Edward Snyder,Monitor,2,566.65,2026-01-16,,
580,13,Kelly Mueller,Monitor,5,490.68,2026-03-20,pending,FR
581,82,Pamela Silva,Keyboard,6,269.56,2026-02-18,cancelled,DE
582,86,Danielle Nelson,Headset,3,573.79,2025-10-20,cancelled,DE
583,23,Joseph Williams,Laptop,10,593.49,2026-05-13,completed,DE
584,78,Laurie Lee,Monitor,10,339.13,2025-09-04,completed,FR
585,19,Taylor Jones,Monitor,2,364.61,2025-08-09,cancelled,DE
586,82,Valerie Short,Laptop,6,675.48,2026-05-06,cancelled,DE
587,32,David Anderson,Laptop,6,392.42,2026-06-11,completed,GR
588,7,Toni Walker,Keyboard,8,1101.55,2025-08-11,pending,FR
589,64,Donald Young,Keyboard,6,823.58,2026-03-18,completed,FR
590,74,Michael Smith,Mouse,3,682.42,2025-08-17,completed,IT
591,3,Alexander Smith,Monitor,5,1427.98,2025-08-31,completed,IT
592,22,Mrs. Amanda Simmons,Keyboard,3,1100.66,2026-03-21,completed,IT
593,77,Andrea Good,Headset,8,1059.71,2025-10-16,,DE
594,78,Jamie Wilson,Keyboard,3,89.8,2026-01-01,cancelled,DE
595,25,Andre Fitzpatrick,Keyboard,9,1085.84,2026-07-23,cancelled,IT
596,39,Mary White,Mouse,2,83.96,2025-08-08,,DE
597,7,Melissa Gilbert,Monitor,1,647.13,2025-11-05,cancelled,
598,62,Lisa Boone,Mouse,2,48.35,2026-05-10,pending,IT
599,11,Tyler Hart,Keyboard,2,469.45,2025-10-01,,FR
600,63,Rachel Andrews,Monitor,2,966.38,2026-04-29,,DE
601,48,Angela Bradford,Keyboard,6,288.01,2026-04-02,completed,IT
602,57,Melissa Waller,Keyboard,5,347.1,2025-10-26,cancelled,
603,8,David Marsh,Mouse,2,137.7,2025-10-19,cancelled,
604,53,Mr. William King,Headset,4,834.87,2025-11-15,,
605,54,Michael Williams,Headset,8,863.34,2026-03-18,pending,FR
606,39,Jordan Perry,Laptop,7,1355.14,2026-01-10,completed,
607,74,Lisa Casey,Headset,10,1019.53,2025-11-09,pending,GR
608,97,Ashley Johnston,Keyboard,3,1424.1,2026-01-09,pending,DE
609,25,Tina Perry,Mouse,1,640.83,2025-12-23,,DE
610,81,Charles Herrera,Mouse,10,394.25,2025-12-17,completed,GR
611,50,Anthony Wade,Headset,7,832.56,2025-12-31,cancelled,
612,59,Amanda Stone,Laptop,10,885.49,2025-12-28,,GR
613,54,Karen Holland,Mouse,3,854.22,2026-07-01,completed,GR
614,73,Kimberly Mayo,Laptop,5,1302.54,2026-03-14,cancelled,FR
615,34,Nicolas Leach,Keyboard,8,862.31,2026-04-05,,GR
616,23,Elizabeth Grant,Monitor,7,224.34,2026-05-12,,GR
617,51,Holly Sawyer,Monitor,4,83.44,2025-09-22,,IT
618,48,Angela Lindsey,Laptop,6,1227.91,2025-11-21,cancelled,IT
619,36,Madison Francis,Keyboard,2,1459.02,2026-06-21,pending,DE
620,39,Daniel Hill,Keyboard,6,411.44,2025-11-06,,
621,83,William Mcintosh,Laptop,4,668.16,2025-08-21,,FR
622,98,Juan Morton,Headset,6,1233.32,2025-08-06,pending,GR
623,40,Sarah Edwards,Headset,7,212.12,2026-01-22,completed,DE
624,25,Kimberly Beck,Mouse,1,381.74,2026-02-05,,GR
625,47,Henry Guzman,Mouse,5,558.84,2026-04-16,,
626,51,Shawn Anderson,Laptop,1,370.49,2026-02-01,,
627,58,John Le,Mouse,8,884.45,2025-12-29,cancelled,IT
628,21,Mr. Richard Gregory,Monitor,2,434.75,2026-01-01,,GR
629,21,Chris Delgado,Headset,4,1287.1,2026-01-31,pending,DE
630,35,Peter Powers,Keyboard,9,39.88,2026-04-11,completed,FR
631,17,Paul Lopez,Mouse,10,1203.29,2025-09-16,pending,IT
632,78,Jeffrey Gibbs,Monitor,5,641.47,2025-08-22,,IT
633,59,Scott Reed,Monitor,4,705.38,2026-02-11,,
634,14,Jeremy Blake,Laptop,9,1499.15,2026-01-29,cancelled,
635,83,Jerome Owens,Headset,10,431.19,2026-06-04,completed,FR
636,9,Sandra Murray,Monitor,5,964.49,2025-10-05,cancelled,IT
637,84,Mary Jordan,Monitor,4,233.39,2025-08-19,pending,GR
638,77,Valerie Hamilton DVM,Keyboard,6,1024.33,2025-11-24,completed,FR
639,38,Ronald Lee,Monitor,7,612.85,2025-12-20,completed,
640,91,Megan Parks,Headset,4,521.32,2025-08-21,pending,
641,82,Krystal Harvey,Keyboard,6,765.9,2025-10-04,pending,
642,24,Brenda Villarreal,Monitor,2,711.46,2025-11-05,cancelled,
643,98,Ashley Campbell,Mouse,6,985.11,2026-06-09,pending,IT
644,29,Kevin Matthews,Monitor,7,1184.25,2025-09-04,cancelled,IT
645,34,Joe Miller,Headset,5,701.0,2025-07-28,completed,FR
646,7,Michael Lee,Headset,10,1417.01,2026-05-24,completed,FR
647,25,Brandon Oconnor,Headset,2,1302.57,2026-07-12,,
648,39,Charlene Kelley,Keyboard,1,1307.57,2026-07-15,pending,DE
649,26,Traci Ray,Monitor,7,1480.92,2025-09-05,,DE
650,41,Lori Morgan,Mouse,2,736.5,2026-03-07,pending,IT
651,82,Scott Sandoval DDS,Laptop,1,683.56,2025-09-26,pending,DE
652,74,Matthew Taylor,Mouse,8,1179.96,2026-01-14,completed,DE
653,79,Denise Robinson,Keyboard,7,611.06,2026-05-23,,FR
654,1,Holly Rowe,Laptop,9,307.13,2025-08-26,cancelled,GR
655,42,Anthony Hurst,Headset,4,36.7,2026-06-19,completed,DE
656,29,Chloe Garcia,Monitor,5,202.11,2026-07-15,,
657,76,Stephanie Bright,Monitor,3,107.28,2025-12-30,completed,IT
658,38,Jeffrey Anthony,Keyboard,9,898.59,2025-12-20,cancelled,FR
659,88,Donna Gallegos,Mouse,6,1494.25,2025-10-24,,IT
660,97,Joshua Conley,Mouse,3,1422.65,2026-05-09,,GR
661,30,Nicole Robbins,Mouse,3,324.67,2026-06-22,completed,
662,65,William Barnett,Mouse,2,556.22,2025-08-19,completed,FR
663,82,Lori Clark,Monitor,9,938.47,2026-06-19,completed,GR
664,84,Thomas Moon,Laptop,1,1037.73,2026-05-01,,FR
665,49,Pamela Long MD,Laptop,9,386.58,2025-10-29,pending,DE
666,89,Curtis Ellis,Laptop,5,637.1,2026-03-22,completed,
667,35,Marilyn Guzman,Headset,10,1054.08,2025-11-12,,GR
668,66,Adam Johnson,Headset,2,431.23,2026-02-16,completed,FR
669,26,Adam Jones,Headset,4,1169.16,2026-03-29,pending,IT
670,91,William Jones,Keyboard,5,248.96,2025-10-20,,DE
671,89,Jason Rodriguez,Keyboard,6,359.41,2026-02-24,completed,GR
672,15,Maria Matthews,Headset,8,232.23,2026-06-14,completed,
673,10,Edgar Kline,Laptop,5,970.06,2026-05-20,,IT
674,34,Sharon Riley,Keyboard,1,158.72,2026-07-18,pending,GR
675,38,Stacy Cordova,Monitor,6,644.73,2026-04-01,completed,GR
676,98,Daniel Jones,Laptop,1,1279.48,2025-11-14,pending,IT
677,46,Anthony Owens,Keyboard,10,409.78,2026-01-09,completed,IT
678,44,David Rodriguez,Mouse,2,607.16,2026-01-16,,IT
679,50,Joseph Wilson MD,Keyboard,7,976.78,2026-03-30,pending,GR
680,17,Christopher Harper,Laptop,3,164.53,2025-11-30,,
681,87,Kristie French,Keyboard,3,920.87,2025-09-26,cancelled,
682,4,Lisa Jenkins,Mouse,8,1381.39,2025-09-20,completed,FR
683,57,Katrina Hall,Laptop,2,399.8,2025-11-11,cancelled,GR
684,91,Adrian Berry,Headset,10,1088.42,2026-03-24,pending,IT
685,67,Patrick Price,Headset,10,151.91,2026-05-20,pending,FR
686,45,Michelle Hines,Keyboard,3,1260.16,2026-06-22,completed,GR
687,83,Brandon Woodard,Mouse,9,1274.78,2025-08-02,,DE
688,10,Paul Davis,Keyboard,6,368.93,2026-07-23,cancelled,GR
689,65,Jeffrey Gonzales,Mouse,9,968.54,2026-04-25,,DE
690,11,Virginia Clark,Keyboard,8,1203.88,2025-08-12,,GR
691,64,Jaime Munoz,Keyboard,6,186.87,2026-05-19,,GR
692,14,Natasha Romero,Keyboard,7,63.39,2026-07-03,completed,GR
693,78,Daniel Carlson,Headset,5,1336.27,2026-05-05,pending,FR
694,44,Melissa Ayala,Monitor,1,1226.72,2025-12-04,,IT
695,72,Susan Miller,Headset,10,714.97,2025-11-26,cancelled,FR
696,15,Donald Mendoza,Laptop,4,13.27,2026-06-22,cancelled,IT
697,71,Michael Brown,Headset,6,1056.12,2026-01-02,completed,DE
698,64,Barbara Rodriguez,Mouse,7,169.37,2026-04-16,pending,DE
699,16,Wesley Melton,Keyboard,4,691.0,2025-09-03,pending,IT
700,14,Robert Swanson,Keyboard,1,1390.67,2026-03-25,completed,FR
701,59,Bailey Melton,Headset,9,210.61,2025-09-04,,GR
702,68,Rebecca Jensen,Laptop,9,1403.61,2025-12-24,,
703,100,Kelly May,Mouse,10,268.74,2025-09-03,pending,GR
704,50,Robert Brown,Headset,10,1325.22,2025-11-09,,FR
705,78,Jennifer Cooper,Mouse,5,602.83,2025-07-27,cancelled,IT
706,58,Reginald Smith,Mouse,3,624.99,2025-10-26,cancelled,
707,41,Paul Salazar,Headset,4,309.32,2025-08-25,cancelled,IT
708,87,Philip Avila,Mouse,3,760.8,2025-11-05,cancelled,GR
709,98,Michael Shelton,Monitor,9,725.75,2025-12-08,,
710,37,Michael Goodman,Keyboard,1,788.87,2026-05-30,completed,FR
711,19,Laura Mahoney,Laptop,1,307.85,2025-08-25,pending,IT
712,88,Melissa Roman,Monitor,3,1260.68,2025-08-31,cancelled,DE
713,97,Jordan Howard,Headset,1,544.44,2026-07-07,,GR
714,79,Larry Smith,Headset,4,1116.19,2026-02-07,,DE
715,66,Charles Martinez,Monitor,1,1390.46,2026-04-10,,FR
716,88,Jordan Vargas,Monitor,9,90.17,2025-12-14,cancelled,DE
717,80,Sara Rodriguez,Keyboard,4,1368.11,2026-02-12,cancelled,
718,70,John Mason,Headset,4,1166.46,2026-03-30,pending,IT
719,58,Betty Scott,Mouse,2,288.6,2026-06-07,pending,
720,16,Christine Brown,Keyboard,1,648.48,2025-09-24,cancelled,DE
721,21,Colin Martinez,Headset,5,18.41,2025-11-13,,DE
722,6,Christopher Gill,Mouse,6,899.35,2025-11-12,cancelled,FR
723,74,Wendy Cruz,Headset,6,118.59,2025-10-14,cancelled,
724,29,Richard Carter,Mouse,9,111.58,2025-11-09,pending,FR
725,70,Billy Perez,Headset,7,147.0,2025-08-25,pending,DE
726,85,Timothy Davenport,Monitor,6,547.59,2025-12-07,pending,
727,68,Todd Hernandez,Keyboard,9,1237.3,2026-05-19,completed,GR
728,86,Suzanne Davis,Monitor,8,368.12,2026-06-08,pending,GR
729,88,Annette Lawrence,Monitor,7,1374.74,2026-04-26,completed,FR
730,33,Michael Harmon,Headset,5,46.81,2026-07-23,cancelled,
731,66,Candace Ruiz,Keyboard,8,75.34,2025-09-27,pending,IT
732,66,Angel Boyer,Laptop,2,259.42,2025-12-01,completed,GR
733,27,Amanda Moore,Mouse,7,1255.14,2025-12-26,pending,
734,90,David Bridges,Keyboard,2,1122.87,2025-11-05,pending,GR
735,59,Vanessa Eaton,Monitor,1,140.41,2026-06-09,completed,DE
736,33,Phillip Thomas,Headset,2,866.69,2026-02-18,pending,IT
737,53,Jennifer Huerta,Keyboard,8,949.02,2026-02-11,,IT
738,3,Michael Rodriguez,Keyboard,2,806.9,2026-03-06,completed,
739,6,Alexandria Harvey,Laptop,6,1392.79,2025-08-19,completed,IT
740,88,Gary Rivers,Monitor,10,138.89,2026-04-23,,FR
741,51,Emily Meyers,Laptop,8,242.92,2025-10-17,pending,DE
742,96,Benjamin Williams,Keyboard,9,449.52,2026-05-16,pending,IT
743,87,Douglas Wallace,Monitor,1,834.75,2026-01-08,pending,GR
744,6,Joanne Miller,Laptop,10,899.02,2025-10-17,completed,IT
745,27,John Walls,Monitor,4,624.86,2025-11-10,pending,DE
746,24,Gregory Bryant,Mouse,10,1253.78,2026-05-03,pending,GR
747,24,Joshua Green,Headset,1,1278.57,2026-03-25,,
748,10,Sean Riley,Monitor,2,383.52,2025-08-16,pending,
749,63,Lynn Beck,Monitor,6,201.04,2025-09-24,pending,GR
750,37,Ashley Proctor,Headset,2,1351.18,2025-08-05,cancelled,FR
751,58,Vicki Novak,Monitor,10,992.54,2026-02-04,pending,
752,73,Kathryn Campos,Monitor,6,1438.4,2025-11-16,pending,GR
753,41,Robert Moss,Mouse,4,1071.18,2026-04-29,,IT
754,47,Roy Watkins,Mouse,6,1318.05,2026-07-02,,FR
755,46,Patty Ellison,Monitor,8,831.99,2026-01-09,pending,
756,11,Jacqueline Barnes,Monitor,3,1338.03,2026-05-20,pending,IT
757,94,James Larson,Laptop,2,1339.24,2025-10-05,completed,
758,75,Mario Smith,Keyboard,10,327.01,2026-07-02,completed,
759,34,Amanda Rodriguez,Headset,9,713.43,2025-07-31,pending,IT
760,51,Breanna Johnson,Mouse,10,1102.51,2025-08-23,cancelled,DE
761,60,Kimberly Sims,Headset,9,144.93,2025-10-23,cancelled,
762,2,Justin Bright,Mouse,10,1029.4,2026-01-10,pending,FR
763,21,Johnny Carter,Mouse,10,1423.58,2025-10-02,pending,FR
764,46,Michele Walker,Laptop,4,1144.59,2026-07-19,pending,GR
765,34,David Parks,Monitor,4,73.78,2026-04-12,pending,
766,47,Anna Johnson,Keyboard,8,1377.67,2026-01-12,completed,GR
767,84,Anthony Perry,Monitor,2,1058.57,2025-08-15,cancelled,IT
768,75,James Edwards,Headset,10,269.04,2025-10-08,,IT
769,76,Tammy Taylor,Laptop,9,384.86,2025-10-24,pending,
770,52,Alex Solis,Monitor,6,735.42,2026-02-15,,
771,1,Amanda Sawyer,Headset,3,665.45,2025-08-01,pending,GR
772,66,Felicia Porter,Monitor,4,233.86,2025-12-24,pending,IT
773,78,David Lane,Laptop,4,627.77,2025-09-28,cancelled,GR
774,62,Debbie Washington,Keyboard,8,323.95,2026-04-16,pending,FR
775,3,Mr. Andrew Kim,Mouse,1,200.55,2026-02-13,pending,DE
776,81,Angela Torres,Headset,1,1337.29,2025-12-25,pending,GR
777,22,Elizabeth Pratt,Monitor,3,779.79,2025-12-14,,
778,73,Angela Williams,Laptop,5,1421.41,2026-02-27,pending,FR
779,78,Teresa Myers,Keyboard,8,264.14,2026-05-29,,
780,19,Malik Lester,Headset,3,938.59,2025-09-12,cancelled,DE
781,93,David Harrison,Monitor,8,898.83,2026-04-01,completed,DE
782,49,Paul Butler,Keyboard,3,171.77,2025-08-05,pending,
783,65,Stephen Robinson,Keyboard,3,912.21,2025-09-01,pending,FR
784,79,Jodi Berger,Headset,1,1317.85,2025-11-15,completed,GR
785,62,William Harris,Mouse,10,813.54,2026-05-11,completed,FR
786,67,Daniel Miller,Keyboard,6,1313.49,2025-08-25,,DE
787,62,Justin Miller,Keyboard,6,887.68,2025-07-28,completed,FR
788,18,Jesse Martinez,Monitor,8,1151.13,2026-04-08,completed,IT
789,77,Linda Lester,Headset,7,394.13,2026-01-24,completed,GR
790,74,Amanda Burton,Headset,2,784.45,2025-12-08,,DE
791,89,Maria Franklin,Monitor,7,549.78,2025-10-25,pending,FR
792,84,Andrea Mathis,Headset,5,399.34,2026-05-01,,
793,47,Lisa Paul,Headset,5,1487.78,2026-05-05,,DE
794,53,Chelsea Weber,Headset,9,728.88,2026-06-20,cancelled,
795,72,Donna Martin,Keyboard,5,1482.88,2026-03-12,cancelled,FR
796,95,Ashlee Carter,Mouse,2,1124.24,2025-07-25,,DE
797,13,Erin Higgins,Mouse,9,606.84,2025-08-30,cancelled,
798,79,Jordan Hudson,Laptop,3,589.76,2025-09-09,completed,GR
799,19,Frank Smith Jr.,Keyboard,10,658.71,2025-11-21,completed,IT
800,29,Tiffany Long,Monitor,2,917.45,2026-04-03,,FR
801,79,Douglas Johnson,Headset,5,1070.29,2025-08-03,completed,DE
802,82,David Wilson,Keyboard,8,25.96,2026-04-19,cancelled,DE
803,5,Tiffany Kennedy,Headset,9,778.56,2026-05-18,pending,
804,22,Tyler Washington,Laptop,6,366.49,2026-07-10,completed,DE
805,12,Hannah Murillo,Monitor,7,536.16,2025-12-12,,FR
806,76,Carlos Pace,Mouse,9,32.9,2025-12-06,completed,GR
807,71,Brooke Duncan,Monitor,9,1373.36,2026-03-16,cancelled,IT
808,36,Carla Wu,Mouse,10,1444.96,2026-01-01,,FR
809,74,Joseph Campbell,Laptop,5,270.8,2026-01-08,completed,
810,10,Anthony Camacho,Headset,5,516.55,2025-10-05,completed,
811,33,Adrian Stephenson,Headset,10,382.71,2026-07-04,,FR
812,73,Heather Cain,Keyboard,4,1138.64,2025-12-31,,FR
813,76,Jennifer Carter,Laptop,8,183.24,2025-08-24,completed,FR
814,82,Lindsey Rollins,Mouse,4,1202.24,2025-08-10,,IT
815,67,Benjamin Werner,Headset,1,1054.22,2026-05-20,cancelled,DE
816,37,Scott Matthews,Laptop,7,1013.81,2026-02-27,cancelled,GR
817,71,Brian Brown,Mouse,8,477.67,2026-01-30,pending,
818,35,Caleb Miller,Mouse,4,753.51,2026-07-20,pending,DE
819,95,Sarah Travis,Mouse,5,318.1,2025-08-02,pending,DE
820,80,Carl Simon,Monitor,3,1170.62,2025-11-07,completed,GR
821,87,Troy Jordan,Keyboard,10,19.87,2026-07-03,completed,FR
822,48,Mr. Gregory Shea,Headset,6,743.59,2026-05-08,cancelled,FR
823,24,Lindsey Banks,Headset,5,602.84,2026-03-11,pending,GR
824,68,Taylor Martin,Keyboard,8,1410.09,2026-04-11,completed,
825,45,Ian Robertson,Keyboard,3,691.22,2026-05-08,completed,
826,59,Anthony Hernandez,Monitor,1,27.61,2026-03-14,pending,FR
827,75,Ryan Obrien,Laptop,6,548.79,2026-04-27,cancelled,DE
828,71,Sarah Gibbs,Monitor,4,411.42,2025-08-07,cancelled,IT
829,24,Nicole Williams,Keyboard,7,323.69,2026-07-06,cancelled,IT
830,52,Sabrina Diaz,Monitor,8,278.03,2025-08-14,pending,
831,88,Jennifer Fox,Mouse,2,1084.02,2026-01-31,pending,
832,56,Erin Huber,Keyboard,4,227.31,2025-08-27,pending,FR
833,2,James Buck,Mouse,7,754.4,2026-06-01,cancelled,FR
834,39,Brett Smith,Monitor,9,1289.17,2026-07-17,completed,FR
835,13,Justin Nichols,Mouse,1,331.05,2025-09-18,cancelled,FR
836,81,Lori Rosales,Laptop,8,1119.44,2026-02-20,cancelled,IT
837,47,Alicia Schmidt,Headset,9,1398.45,2025-08-14,cancelled,IT
838,3,Randy Davis,Keyboard,2,533.12,2026-03-16,pending,
839,74,Danielle Roberts,Headset,3,1469.27,2025-11-29,cancelled,IT
840,42,Lisa Sanders,Headset,8,1164.37,2025-09-18,,GR
841,49,Richard Edwards,Headset,5,700.99,2025-12-05,pending,DE
842,82,Brandon Medina,Monitor,7,950.6,2026-05-20,,GR
843,11,John Curry,Mouse,6,350.04,2025-12-03,cancelled,IT
844,91,Steven Booth,Monitor,10,970.52,2025-10-08,cancelled,FR
845,100,Miranda Blake,Monitor,10,786.19,2025-12-10,,FR
846,22,Evan Morris,Mouse,1,196.31,2025-12-27,pending,IT
847,96,Lorraine Porter,Laptop,4,258.7,2025-11-30,completed,GR
848,9,Regina Mata,Keyboard,9,90.2,2026-02-27,,
849,98,Samuel Marks,Laptop,2,401.05,2026-01-27,pending,GR
850,84,Barbara Fischer,Keyboard,5,351.74,2025-10-11,cancelled,FR
851,81,Melissa Orr,Mouse,3,794.85,2025-09-04,pending,GR
852,5,Valerie Thompson,Monitor,6,1297.72,2026-06-19,,
853,35,Katelyn Gomez,Headset,8,211.32,2025-08-23,pending,
854,77,Meghan Moore,Keyboard,10,658.12,2026-02-13,cancelled,IT
855,62,Bianca Pena,Headset,4,1209.01,2025-08-16,,IT
856,47,William Le Jr.,Keyboard,5,242.02,2025-12-08,completed,GR
857,67,Tommy Taylor,Mouse,6,437.28,2026-04-23,completed,FR
858,97,Patrick Obrien,Keyboard,5,23.61,2025-08-12,,IT
859,77,Nicholas Russo,Mouse,1,826.84,2026-04-25,pending,FR
860,72,Jose Huber,Keyboard,7,382.35,2026-04-21,,FR
861,29,Joseph Williams,Monitor,2,639.14,2026-02-23,pending,
862,98,Christopher Henderson,Headset,5,434.17,2026-02-24,cancelled,FR
863,25,Kathryn Mack,Laptop,3,213.57,2026-05-21,completed,FR
864,80,Julie Kaufman,Keyboard,5,1053.7,2025-09-26,,DE
865,42,Rachael Davis,Laptop,3,83.95,2026-03-04,completed,DE
866,14,Jerry Sullivan,Monitor,5,196.31,2026-03-27,,GR
867,30,Kimberly Henderson,Laptop,3,31.94,2026-02-16,pending,IT
868,54,Karen Hardy,Monitor,8,1496.97,2026-04-06,,GR
869,43,Randall Joseph,Laptop,3,93.5,2025-09-16,,GR
870,70,Marie Allen,Keyboard,3,296.37,2026-01-07,cancelled,FR
871,2,Andrew Kim,Laptop,4,583.35,2025-08-23,,DE
872,95,Melvin Bauer,Laptop,4,696.64,2025-12-16,completed,
873,86,Amanda Scott,Mouse,8,589.79,2026-01-29,cancelled,IT
874,21,Krystal Mathis,Laptop,9,786.18,2026-05-19,cancelled,FR
875,82,Anna Evans,Monitor,4,547.04,2025-10-10,completed,DE
876,15,Tammy Jackson,Mouse,7,493.53,2026-01-26,pending,IT
877,75,Cynthia Kane,Laptop,7,1185.82,2026-04-03,completed,GR
878,75,Andrew Matthews,Keyboard,10,240.94,2026-04-06,completed,DE
879,21,Charles Miller,Keyboard,2,1032.06,2025-08-03,cancelled,GR
880,8,John Howard,Monitor,3,1054.98,2026-03-08,completed,DE
881,63,Leslie Riley,Mouse,6,1472.7,2025-09-09,cancelled,FR
882,94,Bradley Durham,Mouse,1,1036.98,2026-04-03,cancelled,DE
883,33,Natasha Hart,Laptop,8,1062.87,2026-01-06,cancelled,
884,90,Joseph Crane,Keyboard,4,854.39,2025-12-14,cancelled,IT
885,94,Nicholas Norris,Keyboard,5,1302.82,2026-04-19,pending,GR
886,68,Todd Ortiz,Mouse,8,450.55,2026-05-19,cancelled,
887,47,Brittney Bell,Keyboard,1,1166.12,2025-09-10,,DE
888,3,Shawn Mayer,Headset,6,1166.26,2025-09-28,pending,IT
889,93,Tracy Castillo,Laptop,9,1230.38,2026-03-12,pending,
890,88,Julie Ward,Keyboard,9,239.66,2026-02-28,cancelled,IT
891,53,Justin Cruz PhD,Monitor,2,153.42,2026-04-04,completed,GR
892,17,Angel Hammond,Mouse,1,311.1,2025-10-16,,DE
893,13,William Griffin,Laptop,10,966.21,2026-06-26,,FR
894,68,Makayla Smith,Headset,10,391.35,2025-11-28,cancelled,DE
895,78,Raymond Gray,Laptop,1,1396.01,2025-07-25,pending,FR
896,11,Megan Myers,Keyboard,1,547.78,2025-12-03,,IT
897,91,Darrell Black,Laptop,10,406.07,2026-05-29,completed,GR
898,39,Joseph Hernandez,Laptop,4,1441.27,2026-04-01,completed,GR
899,93,Robert Daniels,Mouse,9,584.14,2025-11-12,pending,
900,85,Timothy Williams,Mouse,10,941.73,2025-11-06,pending,
901,96,Donald Stephens,Headset,7,1121.7,2025-10-20,cancelled,FR
902,90,Rhonda Roberts,Keyboard,2,258.55,2025-09-06,pending,
903,52,Joseph Martinez,Headset,6,989.72,2025-09-01,,IT
904,41,Jessica Reed,Headset,6,1268.83,2026-05-05,,FR
905,93,Kimberly Williams,Monitor,10,368.68,2025-10-28,pending,FR
906,99,Lauren Greene,Headset,5,546.41,2025-10-08,,FR
907,51,Nicole Reed,Laptop,1,1474.61,2026-01-23,completed,
908,18,Johnny Riddle,Monitor,1,457.5,2026-06-05,pending,DE
909,41,Jeffery Brown,Laptop,5,1379.48,2026-01-06,pending,GR
910,5,Matthew Walls,Keyboard,6,242.6,2025-07-29,cancelled,IT
911,75,Michael Swanson,Mouse,4,391.8,2026-04-10,cancelled,GR
912,74,Emily Reyes,Keyboard,10,1377.64,2026-05-22,completed,IT
913,62,James Gordon,Mouse,8,1240.3,2025-10-14,completed,
914,83,Vicki Mitchell,Monitor,1,1098.88,2026-03-18,,GR
915,100,Michael Castillo,Laptop,6,528.42,2026-03-16,,FR
916,16,Nicole Leach,Mouse,10,1393.69,2026-04-25,,GR
917,40,Elizabeth Rodriguez,Headset,1,485.78,2026-02-01,pending,IT
918,65,Logan Gardner Jr.,Mouse,3,85.27,2026-03-09,,FR
919,97,Kevin Smith,Headset,10,762.05,2026-05-12,pending,FR
920,38,Nicole Huffman,Keyboard,3,206.96,2026-01-31,completed,FR
921,74,Mary Phillips,Laptop,9,604.8,2026-03-20,completed,FR
922,65,Troy Villanueva,Keyboard,3,1145.43,2026-07-07,,
923,26,Bryan Anderson,Keyboard,7,981.85,2025-10-22,pending,
924,79,Casey Vaughan,Headset,4,371.05,2026-06-02,cancelled,FR
925,42,Lori Obrien,Headset,2,177.67,2025-11-30,,FR
926,47,Susan Whitaker,Monitor,4,487.9,2026-05-07,completed,IT
927,22,Melinda Allen,Monitor,10,1234.16,2026-05-13,,
928,19,William Haas,Keyboard,1,1387.08,2026-04-10,pending,DE
929,88,Randall Cortez,Monitor,3,1139.02,2025-08-16,completed,GR
930,95,Justin Marshall,Laptop,4,1423.92,2025-09-09,pending,IT
931,2,David Tran,Monitor,2,464.63,2026-02-07,,GR
932,43,Marcus Mcclure,Mouse,9,325.69,2026-01-04,cancelled,
933,62,Nicholas Livingston,Headset,3,1045.66,2026-02-06,completed,FR
934,75,Hannah Cook DVM,Headset,1,390.63,2025-08-21,completed,IT
935,26,Ann Barnes,Headset,5,89.1,2025-11-22,completed,GR
936,50,Angela Butler,Monitor,6,1297.78,2026-07-11,completed,IT
937,84,Cory Boyd,Keyboard,4,1469.89,2025-10-26,completed,IT
938,63,Andrew Raymond,Headset,9,141.15,2026-05-03,pending,
939,59,Mrs. Margaret Espinoza,Headset,1,69.23,2026-04-14,cancelled,IT
940,63,Bob Reid,Keyboard,3,37.37,2025-10-27,cancelled,IT
941,81,Kathryn Newton,Monitor,4,1494.03,2025-10-07,cancelled,GR
942,81,Frank Cox,Monitor,7,1336.7,2025-11-18,completed,
943,36,Angela Dean,Mouse,3,519.26,2025-12-31,,DE
944,12,Sara Smith MD,Keyboard,9,1441.3,2025-08-01,pending,FR
945,31,Casey Gonzales,Headset,3,645.43,2026-04-06,cancelled,
946,43,Tammy Noble,Keyboard,9,206.34,2025-08-20,pending,
947,70,Elizabeth Knight,Mouse,3,470.41,2026-01-16,pending,FR
948,99,Allison Sanders,Mouse,10,1376.5,2026-07-22,cancelled,GR
949,72,Gregory Jackson,Headset,2,284.36,2026-06-20,pending,GR
950,98,Jessica Bradford,Monitor,7,1442.18,2026-04-06,cancelled,FR
951,96,Molly Nguyen,Monitor,3,1170.87,2026-06-21,completed,DE
952,24,Kathryn Holland,Laptop,10,929.25,2025-08-12,pending,
953,30,Christina Harris,Mouse,1,545.3,2025-12-01,,DE
954,65,Sherry Bernard,Headset,8,1070.91,2026-07-24,cancelled,DE
955,50,Bernard Whitney,Keyboard,8,214.89,2025-09-26,pending,DE
956,5,Jody Murphy,Keyboard,1,1388.9,2026-03-07,,DE
957,96,Terry Green,Mouse,4,108.54,2026-05-02,,
958,63,Brandy Parrish,Monitor,8,1332.5,2026-05-17,,FR
959,100,Blake Brewer,Laptop,10,1105.64,2025-12-11,,IT
960,51,Thomas Brooks,Headset,10,894.77,2026-01-17,completed,
961,14,Kyle Hampton,Keyboard,8,1242.25,2026-05-18,completed,DE
962,67,Laura Haley,Headset,7,1475.91,2026-06-08,completed,
963,50,Matthew Garza,Headset,1,292.88,2025-10-09,,FR
964,39,Kristina Green,Monitor,8,258.07,2026-03-30,cancelled,
965,7,Denise Boyd,Headset,3,700.73,2025-10-30,,GR
966,93,Walter Thomas,Headset,2,277.86,2025-07-26,pending,FR
967,53,Karen Ortiz,Monitor,8,47.12,2026-02-11,,
968,92,Randall Hughes,Mouse,8,144.37,2025-12-19,cancelled,DE
969,92,Jesse Frye,Laptop,2,180.11,2026-03-04,,IT
970,11,Brandon Carpenter,Headset,7,1093.04,2026-03-01,pending,FR
971,71,Taylor Skinner,Keyboard,1,1154.71,2025-12-22,cancelled,
972,85,David Hansen,Mouse,3,1304.54,2026-02-18,pending,GR
973,54,Kristine Hayden,Monitor,5,1097.94,2026-03-08,,IT
974,81,Melissa Griffin,Mouse,2,1348.83,2025-10-05,pending,GR
975,80,Jason Hoffman,Monitor,1,693.38,2026-02-01,,
976,1,Heather Sullivan,Headset,8,364.44,2026-01-28,,FR
977,53,Christopher Morrison,Keyboard,2,905.81,2026-02-22,completed,DE
978,71,Reginald Melendez,Monitor,10,946.67,2026-04-09,pending,GR
979,24,Chloe Glover,Mouse,1,983.38,2026-06-08,completed,DE
980,5,Matthew Drake,Headset,10,454.68,2026-06-23,completed,GR
981,14,Nina French DDS,Keyboard,3,250.39,2025-11-23,cancelled,
982,85,Christina Turner,Headset,10,1183.09,2026-05-22,pending,FR
983,96,Todd Davis,Headset,6,1397.9,2025-10-07,completed,IT
984,42,Stephen Davis,Monitor,7,1232.19,2025-10-10,,
985,9,William Wood,Monitor,8,210.47,2025-10-28,cancelled,IT
986,68,Russell Sims,Keyboard,9,322.67,2026-04-23,pending,
987,8,Randy Moore,Laptop,10,1097.3,2026-02-19,completed,FR
988,93,Mark Johnson,Headset,5,646.31,2026-01-29,cancelled,IT
989,68,Scott Atkins,Headset,10,537.24,2025-09-01,pending,
990,73,Ms. Crystal Carter,Keyboard,9,1096.49,2026-02-23,,FR
991,24,Cole Crawford,Headset,4,1065.79,2026-04-23,pending,GR
992,16,Gregory Nash,Laptop,8,941.94,2025-12-13,completed,DE
993,79,Anthony Shelton,Keyboard,7,77.78,2025-09-11,cancelled,
994,82,Beth Santiago,Mouse,1,964.52,2026-07-20,cancelled,IT
995,9,Sarah Nunez,Monitor,5,764.97,2026-02-03,cancelled,GR
996,15,Michelle Smith,Monitor,6,600.11,2025-09-13,completed,DE
997,25,Douglas Fisher,Monitor,6,1384.2,2025-08-25,,FR
998,5,Lynn Spence,Mouse,8,241.53,2026-06-20,,
999,43,Nathaniel Lee,Keyboard,7,1392.41,2025-09-25,completed,
1000,39,Heather Wheeler,Headset,6,837.21,2025-08-09,completed,DE
